id,name,salary
1,Saunders,43199
2,Kip,36473
3,Vanda,30271
4,Abbe,43255
5,Ansell,19523
6,Corrina,20327
7,Nolie,21619
8,Billie,29768
9,Timofei,58006
10,Mart,23972
11,Marlena,29348
12,Claudetta,37459
13,Otis,51587
14,Fredia,32654
15,Papagena,14327
16,Andreas,72598
17,Elliott,24681
18,Matteo,37308
19,Neils,39094
20,Corbin,60774
21,Millard,21331
22,Adrianne,15031
23,Saraann,26154
24,Maurise,47718
25,Prentice,73591
26,Corrina,55133
27,Yard,19328
28,Chane,16944
29,Mollie,42214
30,Elayne,57577
31,Juan,63427
32,Jarrid,29834
33,Gertie,51083
34,Ray,67105
35,Morie,22240
36,Caressa,62515
37,Theodore,34642
38,Rosamund,53722
39,Kris,47415
40,Basilio,50732
41,Jemmie,74181
42,Vincenz,48722
43,Garrik,66848
44,Daniel,35083
45,Beitris,73907
46,Nana,38063
47,Clifford,30018
48,Jamie,34883
49,Devinne,61527
50,Ollie,52612
51,Zacharie,43274
52,Bent,62388
53,Vitoria,30768
54,Thoma,17570
55,Warden,42296
56,Jorge,51089
57,Carlee,43429
58,Malory,50059
59,Belinda,27309
60,Ange,19269
61,Jason,67686
62,Isis,29705
63,Orazio,74014
64,Oliver,67271
65,Hollie,56416
66,Lucinda,53641
67,Cher,17616
68,Garold,38498
69,Mattheus,28264
70,Morgen,22269
71,Trevar,72610
72,Dorree,34492
73,Meier,15725
74,Antin,21653
75,Woody,41921
76,Valle,17164
77,Gradey,70293
78,Bellina,30762
79,Lolly,24375
80,Frederick,50534
81,Esmeralda,12597
82,Valentin,70238
83,Stace,37323
84,Allsun,18061
85,Danell,43667
86,Cheri,32415
87,Darbee,35798
88,Simmonds,19145
89,Modesty,59932
90,Aliza,17812
91,Nathalie,59109
92,Bentlee,17426
93,Adan,73035
94,Ludvig,67897
95,Fredrick,16900
96,Sascha,42931
97,Davin,54994
98,Alfy,63754
99,Eda,43638
100,Marcos,19781
101,Vidovic,31785
102,Tootsie,47878
103,Mabelle,38888
104,Verina,16875
105,Scarlett,70430
106,Moise,54988
107,Jaclin,60493
108,Elbertine,20180
109,Rinaldo,36392
110,Bibbye,24941
111,Rosabelle,36328
112,Ian,69681
113,Jacquelin,74752
114,Nil,63125
115,Pooh,52605
116,Chelsy,54367
117,Bordie,31688
118,Auberta,13480
119,Cordey,12006
120,Lev,74830
121,Olimpia,71096
122,Fay,38841
123,Jena,35932
124,Oralla,45292
125,Julina,72875
126,Kimbra,19931
127,Hedi,39918
128,Olympie,51832
129,Zane,27691
130,Tana,51509
131,Sonnie,71116
132,Brandais,13558
133,Aland,31046
134,Rozalie,43604
135,Bartholemy,23624
136,Myrtia,55587
137,Natka,14201
138,Albie,65245
139,Job,25620
140,Debor,28001
141,Marie-ann,30814
142,Eduino,25332
143,Ches,20732
144,Margery,27771
145,Binnie,67007
146,Hillel,65556
147,Arnold,67487
148,Nathaniel,74110
149,Torrey,37585
150,Cynthy,42942
151,Maisie,52871
152,Chiquia,65501
153,Ardeen,35718
154,Sophie,17828
155,Ailsun,31275
156,Wylie,33826
157,Bartolemo,38550
158,Marley,56340
159,Hollyanne,23518
160,Anthony,74305
161,Kanya,49471
162,Araldo,43462
163,Garv,64737
164,Laverna,27505
165,Austin,20766
166,Yetty,40020
167,Gilda,59800
168,Alexandro,74433
169,Galvin,36240
170,Livvyy,24949
171,Jocko,20147
172,Alfonso,22681
173,Maude,19154
174,Staford,49403
175,Burke,44313
176,Elsinore,40530
177,Gilda,10222
178,Osborn,50033
179,Dorian,32468
180,Keary,52910
181,Brendon,14392
182,Terencio,39735
183,Franky,43200
184,Maribel,32500
185,Townsend,67692
186,Bond,67313
187,Chrysler,58563
188,Hermina,44652
189,Phedra,29278
190,Violante,19617
191,Herculie,57159
192,Lion,66503
193,Kile,51240
194,Pincas,17689
195,Joellen,40671
196,Dorotea,24644
197,Tedda,38469
198,Darius,32018
199,Tandie,21574
200,Hermina,65946
201,Rick,50150
202,Reuben,71696
203,Jory,32889
204,Prentice,32947
205,Maria,15236
206,Avrit,28808
207,Clotilda,35219
208,Matti,62748
209,Dione,13347
210,Neda,39751
211,Charisse,74941
212,Grata,33053
213,Christian,16361
214,Reagen,47440
215,Gareth,16131
216,Hartwell,14481
217,Salvatore,24278
218,Llywellyn,35099
219,Beck,16234
220,Emelina,22076
221,Dud,25973
222,Godiva,33659
223,Petra,64836
224,Willette,53264
225,Heloise,10890
226,Leonidas,51231
227,Sheelagh,12171
228,Marj,24786
229,Delilah,11296
230,Abey,50132
231,Garwin,22618
232,Camile,42974
233,Estel,61620
234,Seana,46973
235,Cristin,46832
236,Ingunna,23156
237,Ewen,55593
238,Hale,61968
239,Claretta,70303
240,Samaria,19941
241,Denis,57816
242,Alexander,62652
243,Desirae,61817
244,Julissa,27868
245,Ham,55872
246,Marj,71645
247,Cedric,51469
248,Eve,10807
249,Joyan,25614
250,Brear,30118
251,Gerti,22147
252,Netta,55405
253,Rich,10276
254,Beltran,30767
255,Petronia,42570
256,Leann,26774
257,Tate,62348
258,Stacey,11635
259,Belvia,18242
260,Sephira,20322
261,Philis,67826
262,Field,32422
263,Solly,50288
264,Darby,42834
265,Caspar,43857
266,Allix,27341
267,Henri,52795
268,Dianemarie,44387
269,Giffard,34913
270,Rori,62532
271,Latia,64555
272,Maisey,30539
273,Daniele,14100
274,Tallia,40066
275,Tessy,39272
276,Jeniece,10199
277,Holmes,15233
278,Dael,12473
279,Giusto,40855
280,Modesta,71265
281,Paule,28714
282,Gordon,60477
283,Joelie,38435
284,Vannie,74854
285,Aurel,18288
286,Grantley,34049
287,Arnoldo,64714
288,Olympia,24089
289,Benoite,46455
290,Dolly,68618
291,Caren,58023
292,Chelsae,13097
293,Dorella,20682
294,Bernardina,29460
295,Dolley,71961
296,Desirae,70483
297,Kamilah,33627
298,Tomkin,39739
299,Neill,49204
300,Sawyere,65228
301,Tiphanie,44411
302,Hildagarde,28886
303,Raffaello,29592
304,Rochell,61268
305,Demott,16576
306,Melamie,55737
307,Teddie,68836
308,Shantee,18512
309,Kean,48145
310,Elisabet,17178
311,Kiel,23999
312,Hillyer,52611
313,Dawna,46837
314,Darrelle,46643
315,Humberto,12279
316,Farah,30916
317,Sigmund,62978
318,Judi,13957
319,Caryl,47593
320,Falkner,12122
321,Arturo,18840
322,Kakalina,44212
323,Rosanna,28519
324,Lindsey,33550
325,Aura,28403
326,Nickey,25317
327,Margot,57276
328,Patsy,43473
329,Layla,68532
330,Frannie,33745
331,Benedicto,62527
332,Arabella,14731
333,Toby,23270
334,Ekaterina,61620
335,Eddie,65498
336,Mac,46337
337,Cherry,17157
338,Lorelei,12874
339,Isadore,73726
340,Lora,66507
341,Elsy,50702
342,Cortney,15651
343,Heloise,53057
344,Elna,52702
345,Jenna,67054
346,Jonathon,60617
347,Lyda,48108
348,Aguste,71138
349,Bertie,58562
350,Tanitansy,48071
351,Thadeus,60531
352,Lexy,70680
353,Wynny,72581
354,Anjanette,74101
355,Karney,61296
356,Agosto,65182
357,Ardith,72815
358,Marcellus,35647
359,Ambrosius,73408
360,Nat,35887
361,Jay,29259
362,Stillmann,11006
363,Philippine,18100
364,Nike,65840
365,Siouxie,13711
366,Gabe,24563
367,Liva,17307
368,Ediva,24027
369,Ilario,39762
370,Simon,61729
371,Caresse,59945
372,Christin,72006
373,Cami,66652
374,Deanne,70975
375,Cletis,43528
376,Sibyl,53766
377,Abie,22688
378,Sandor,45794
379,Thor,73033
380,Aindrea,60137
381,Percy,54833
382,Kelvin,17290
383,Crichton,11867
384,Emeline,58987
385,Jeffrey,42570
386,Engracia,40730
387,Gale,28250
388,Dolly,72482
389,Helen,71256
390,Chloe,13653
391,Shelbi,45850
392,Kleon,56598
393,Eldon,36092
394,Forrest,26070
395,Ellary,61553
396,Gerard,38310
397,Sam,59951
398,Rosella,35848
399,Sonny,66524
400,Holly,20365
401,Dorolisa,73281
402,Josefina,72462
403,Tedra,11791
404,Malena,55888
405,Cybill,35993
406,Rikki,32144
407,Adina,21762
408,Ransom,29643
409,Sibby,35249
410,Miltie,22492
411,Ezra,46456
412,Catherina,38530
413,Jed,69097
414,Peria,48720
415,Raynell,17942
416,Cindelyn,55540
417,Florina,53196
418,Fernande,71072
419,Marigold,60829
420,Aguie,54144
421,Elly,34944
422,Yevette,37565
423,Tessi,28584
424,Mirabelle,24963
425,Skippie,65170
426,Batholomew,41549
427,Marcellina,49607
428,Clemmy,38999
429,Nance,38117
430,Claudelle,67992
431,Laney,24439
432,Kial,67822
433,Gavrielle,31475
434,Sissie,38950
435,Demetria,71492
436,Drew,65675
437,Amber,18859
438,Royall,51489
439,Gideon,11324
440,Evanne,10720
441,Berne,14331
442,Terry,12874
443,Conrade,53854
444,Tonia,70705
445,Timoteo,63963
446,Rena,41477
447,Cyrus,19583
448,Kimmi,48226
449,Linea,57999
450,Milo,22185
451,Andrey,11134
452,Hamil,69875
453,Maribelle,26352
454,Herman,31503
455,Blaire,74422
456,Barnabe,61474
457,Corabel,60473
458,Adolpho,71926
459,Lyn,38705
460,Claudius,32358
461,Briano,13444
462,Frans,12942
463,Yalonda,15509
464,Salaidh,71287
465,Holmes,46605
466,Amabel,16939
467,Tomas,35138
468,Beatrice,66011
469,Colas,24942
470,Katrinka,26214
471,Guthrie,20176
472,Kaine,16995
473,Lawrence,38223
474,Josephina,29850
475,Donnamarie,55336
476,Flossi,24574
477,Lenci,66768
478,Humfried,64808
479,Bernadene,65118
480,Vanny,44887
481,Sianna,22043
482,Hyacintha,53230
483,Cointon,44590
484,Perkin,38762
485,Niven,29347
486,Florrie,19582
487,Lucia,35551
488,Daria,49053
489,Andy,50273
490,Julia,64957
491,Yuma,69298
492,Krisha,37491
493,Carlita,37641
494,Leonhard,54164
495,Marrilee,15055
496,Renata,29525
497,Annelise,31321
498,Sonya,36779
499,Dorette,35446
500,Stefanie,50529
501,Georgette,28631
502,Augustina,44571
503,Amaleta,56688
504,Roslyn,30514
505,Wayland,37263
506,Emory,71122
507,Vassili,15806
508,Garland,12114
509,Jerry,11672
510,Janenna,29062
511,Jammal,68738
512,Wilhelmine,74867
513,Maximilianus,34972
514,Ignacius,48203
515,Dougy,58918
516,Kelsy,64065
517,Hugues,17008
518,Stefa,43762
519,Jedidiah,24412
520,Darnall,48887
521,Harmony,74659
522,Lanette,45998
523,Olivie,59939
524,Eal,26301
525,Eveleen,34288
526,Phaedra,32834
527,Skippie,55537
528,Aloise,53758
529,Aldridge,22748
530,April,16479
531,Cullen,64197
532,Esme,58661
533,Dory,16446
534,Sully,37289
535,Cristin,64630
536,Sigvard,47866
537,Shawna,48520
538,Bondie,59962
539,May,42469
540,Irene,64757
541,Cal,46670
542,Man,52954
543,Rolfe,57803
544,Talbot,60388
545,Tate,59589
546,Camey,66521
547,Liane,32514
548,Ronald,24732
549,Frankie,40649
550,Zelda,29901
551,Nikki,29693
552,Del,74697
553,Virgie,45356
554,Farlay,61708
555,Sidonia,21592
556,Larina,58683
557,Lucias,19765
558,Milli,60957
559,Louise,34483
560,Gerry,38616
561,Kristen,43217
562,Ginger,58751
563,Caresa,30733
564,Zsa zsa,11479
565,Tessa,51364
566,Siouxie,35022
567,Fallon,43657
568,Glori,51521
569,Nat,42333
570,Ibbie,44224
571,Erie,37255
572,Ethel,45924
573,Sheffy,68631
574,Janaye,44957
575,Amabel,28194
576,Annabal,35427
577,Abbi,11003
578,Swen,46910
579,Nari,25799
580,Vincenty,21812
581,Ellery,63682
582,Clemens,61800
583,Carmelina,17980
584,Beaufort,32745
585,Kliment,19103
586,Alexander,24913
587,Lindie,68985
588,Cole,54647
589,Al,30438
590,Salaidh,41740
591,Bonni,39348
592,Andrej,60931
593,Enrichetta,17654
594,Devland,23756
595,Nikos,42306
596,Wynnie,68688
597,Fleming,19993
598,Sarene,66658
599,Miner,43405
600,Bjorn,72060
601,Gisele,44065
602,Leontyne,56989
603,Godart,74717
604,Brit,19130
605,Richmond,24238
606,Chris,40508
607,Waldemar,54006
608,Jeromy,72363
609,Edwin,53253
610,Hinze,41208
611,Davine,17270
612,Nickie,31833
613,Darwin,22101
614,Barrett,43503
615,Teresina,40738
616,Darci,14409
617,Diana,38848
618,Kiel,26584
619,Annecorinne,21261
620,Cathryn,11697
621,Kyla,56747
622,Briny,46908
623,Maje,14703
624,Adele,24487
625,Alphonse,33341
626,Riobard,64876
627,Jacqueline,72668
628,Lexie,52943
629,Zebulen,23907
630,Lissy,11562
631,Horace,29768
632,Marvin,24652
633,Caron,10382
634,Geordie,65269
635,Christie,22282
636,Blakeley,48658
637,Vern,26452
638,Rodi,37601
639,Myrtia,73695
640,Daven,52519
641,King,67053
642,Enos,48411
643,Dalli,14120
644,Cleveland,10842
645,Karlene,17099
646,Morgen,15606
647,Shelli,13192
648,Anthea,40057
649,Erin,44105
650,Serge,67377
651,Herb,20238
652,Randell,26212
653,Magdalene,40527
654,Donelle,57457
655,Othilie,31419
656,Pail,48887
657,Sisely,57731
658,Hilarius,48994
659,Farrell,22989
660,Raddie,21990
661,Freida,18998
662,Shir,73587
663,Ariana,73162
664,Tonya,44043
665,Cory,40822
666,Desmond,35991
667,Elsey,19730
668,Hagan,15084
669,Feliza,46469
670,William,46654
671,Griffie,34777
672,Jacquelynn,20435
673,Emlynne,39118
674,Zachary,13565
675,Tulley,17130
676,Mag,17467
677,Rusty,67958
678,Saleem,27460
679,Gisela,46420
680,Theo,47263
681,Tedie,30991
682,Anson,69857
683,Anna-diane,37339
684,Candy,18174
685,Vikky,43914
686,Augusto,41397
687,Daisy,59815
688,Trescha,69365
689,Demetris,32785
690,Ardith,15109
691,Blinny,11552
692,Engelbert,65466
693,Holden,50387
694,Trefor,40618
695,Alexis,11022
696,Arlin,73288
697,Carmen,72696
698,Misty,36633
699,Theadora,27884
700,Taber,71091
701,Christa,15922
702,Ken,61487
703,Ellary,21380
704,Jessee,13645
705,Demetria,40818
706,Georgina,37616
707,Bowie,52478
708,Casey,22939
709,Angelico,66095
710,Shauna,65192
711,Art,46318
712,Derrik,69944
713,Bessy,15659
714,Godart,43160
715,Ofella,52834
716,Clerc,14059
717,Emerson,49583
718,Inger,47774
719,Terrye,15764
720,Daune,63921
721,Kermit,42485
722,Moshe,31779
723,Everett,32347
724,Barnett,67478
725,Lauri,70508
726,Damian,32061
727,Dionisio,20023
728,Rocky,39159
729,Con,12662
730,Issi,36410
731,Nerti,34418
732,Edd,28379
733,Laverne,26914
734,Rivkah,42620
735,Dorey,39494
736,Mae,68969
737,Maressa,18481
738,Bartolemo,14509
739,Dietrich,47264
740,Spence,67348
741,Audie,30043
742,Karia,62285
743,Collen,70648
744,Ellswerth,70655
745,Roxie,57560
746,Tito,20694
747,Frazer,62221
748,Bertina,16462
749,Olympe,63089
750,Issy,16141
751,Laurens,67228
752,Mason,18532
753,Bertrand,13130
754,Rik,11653
755,Roderic,58988
756,Wit,71934
757,Lesya,18906
758,Tommy,65867
759,Kati,66968
760,Mechelle,66365
761,Kip,51125
762,Alidia,25281
763,Alden,25032
764,Amery,47667
765,Richard,60844
766,Odette,24976
767,Maurise,48253
768,Rhys,18586
769,King,40653
770,Violetta,49114
771,Dede,44306
772,Katerina,30503
773,Frannie,34877
774,Vic,48003
775,Devinne,36552
776,Griffin,69655
777,Dedie,71946
778,Devy,26264
779,Ingmar,69077
780,Petr,39499
781,Rudiger,28734
782,Craig,42640
783,Grove,41517
784,Othello,31711
785,Lilias,56454
786,Angil,56772
787,Wilhelmine,11651
788,Eward,59627
789,Sandi,33222
790,Borg,51981
791,Roslyn,16492
792,Agathe,46710
793,Annmaria,72593
794,Toiboid,47957
795,Francesco,34712
796,Oliver,59455
797,Sherie,46936
798,Galven,25963
799,Sanderson,30213
800,Gayla,20617
801,Amata,52405
802,Sela,71673
803,Roger,62621
804,Jammie,61095
805,Blanca,26044
806,Karl,17919
807,Jany,41109
808,Cathee,43011
809,Mozelle,66764
810,Burch,73588
811,Bev,30442
812,Miner,49059
813,Angelique,62832
814,Tobe,40080
815,Park,38077
816,Mignon,16285
817,Luce,52096
818,Sarene,31696
819,Kaine,34966
820,Urbain,69531
821,Morey,49823
822,Ronny,28985
823,Gareth,28771
824,Lambert,40098
825,Maye,64526
826,Melamie,58615
827,Karita,28733
828,Thaine,44968
829,Ara,15406
830,Arlana,26014
831,Cindelyn,25138
832,Marv,53014
833,Bennie,25560
834,Nevile,37899
835,Gard,34160
836,Maxy,15009
837,Trudie,30542
838,Kyrstin,34504
839,Miltie,73658
840,Willow,44788
841,Bobbee,73768
842,Trumann,13216
843,Ines,74741
844,Griswold,48151
845,Filmer,12492
846,Findley,74563
847,Pavia,62784
848,Cristina,42877
849,Heddie,38203
850,Jobina,42081
851,Idaline,19905
852,Dollie,52701
853,Nealson,26364
854,Cacilie,34087
855,Blake,13966
856,Lionel,61310
857,Napoleon,58557
858,Arman,59169
859,Quintina,67493
860,Hephzibah,30403
861,Marcel,27588
862,Leonerd,41143
863,Dusty,18941
864,Karna,57420
865,Evelin,50608
866,Kikelia,46605
867,Lenore,52407
868,Sharia,61338
869,Laurie,13065
870,Homerus,17648
871,Mallorie,19259
872,Joyce,59115
873,Konstantine,42604
874,Rosco,56078
875,Dolf,42579
876,Dena,38929
877,Lyssa,13630
878,Ally,68145
879,Cori,33570
880,Florence,10084
881,Vale,58643
882,Flint,26451
883,Maynard,44374
884,Tish,36494
885,Norbert,62216
886,Nicolais,42604
887,Briggs,39365
888,Kass,35977
889,Roselia,46016
890,Austin,32470
891,Korney,11487
892,Jasun,19033
893,Andrei,74001
894,Arly,61559
895,Lazare,62726
896,Shellie,19563
897,Alonso,54597
898,Jarrid,27004
899,Lyndell,28287
900,Corrina,33043
901,Ludovico,29511
902,Janene,66441
903,Moore,19535
904,Astra,35342
905,Tiertza,22562
906,Odelle,61396
907,Rheba,18278
908,Osmund,46655
909,Franklyn,62748
910,Catharine,64345
911,Durward,65627
912,Umeko,52197
913,Emery,38758
914,Rodi,58005
915,Berti,30392
916,Salim,21566
917,Dirk,40355
918,Odelia,13032
919,Aloise,57891
920,Zechariah,62910
921,Ashlan,64311
922,Riannon,23133
923,Emlen,35205
924,Page,37313
925,Dur,55302
926,Daniel,34716
927,Curcio,36157
928,Kelly,64718
929,Major,62752
930,Erna,41544
931,Harley,11869
932,Denys,61828
933,Jae,54824
934,Layla,65355
935,Gerhardine,21014
936,Portia,70367
937,Chris,54475
938,Luise,64422
939,Fred,71528
940,Susette,17779
941,Georgine,29133
942,Lars,58910
943,Rollins,64343
944,Maximilianus,28613
945,Kiersten,59027
946,Anton,72528
947,Florri,16650
948,Lisabeth,57786
949,Obadiah,11408
950,Iorgo,38735
951,Towney,55568
952,Guido,55670
953,Carmella,57186
954,Maire,24574
955,Dougy,72510
956,Mateo,44782
957,Kaspar,49889
958,Allina,54833
959,Cory,19323
960,Niki,69968
961,Loren,50708
962,Tarah,19477
963,Alexei,41689
964,Nani,25074
965,Delmer,42839
966,Margret,20421
967,Rosaline,11364
968,Bord,39203
969,Tara,18305
970,Alanah,13987
971,Marion,25167
972,Alfredo,54328
973,Garrott,26780
974,Vincent,62556
975,Kirsten,57600
976,Constanta,51625
977,Klarika,51832
978,Cherey,34094
979,Aundrea,43104
980,Iolanthe,67509
981,Olivier,70381
982,Humfried,44045
983,Salim,33312
984,Mira,30469
985,Cello,33820
986,Saxon,14874
987,Dalt,71625
988,Kendell,70979
989,Corrianne,28254
990,Dulce,29488
991,Kearney,68612
992,Isiahi,29184
993,Sidonia,68227
994,Meggie,42835
995,Lilah,54289
996,Shawn,31140
997,Florette,11640
998,Kellia,66569
999,Jenine,70863
1000,Virgil,21036
